Repository URL,Bug Commit,Bug Build URL,Fix Commit,Fix Build URL
https://github.com/apache/commons-lang,0446364ffa1c476dfdd95df5be94444f847973f3,https://travis-ci.org/apache/commons-lang/jobs/224002124,859224ffadb79147088840732236c1fad341d842,https://travis-ci.org/apache/commons-lang/jobs/224042543
https://github.com/apache/commons-lang,0446364ffa1c476dfdd95df5be94444f847973f3,https://travis-ci.org/apache/commons-lang/jobs/224002126,859224ffadb79147088840732236c1fad341d842,https://travis-ci.org/apache/commons-lang/jobs/224042544
https://github.com/apache/commons-lang,0446364ffa1c476dfdd95df5be94444f847973f3,https://travis-ci.org/apache/commons-lang/jobs/224002128,859224ffadb79147088840732236c1fad341d842,https://travis-ci.org/apache/commons-lang/jobs/224042545
https://github.com/apache/commons-lang,27d3d40f7c6e97979d08517b0c04c1bb1774a9b2,https://travis-ci.org/apache/commons-lang/jobs/212643973,e702828e7b34c6a9f1ae4eb6bbf07e60445ec8aa,https://travis-ci.org/apache/commons-lang/jobs/212646967
https://github.com/apache/commons-lang,27d3d40f7c6e97979d08517b0c04c1bb1774a9b2,https://travis-ci.org/apache/commons-lang/jobs/212643974,e702828e7b34c6a9f1ae4eb6bbf07e60445ec8aa,https://travis-ci.org/apache/commons-lang/jobs/212646968
https://github.com/apache/commons-lang,27d3d40f7c6e97979d08517b0c04c1bb1774a9b2,https://travis-ci.org/apache/commons-lang/jobs/212643975,e702828e7b34c6a9f1ae4eb6bbf07e60445ec8aa,https://travis-ci.org/apache/commons-lang/jobs/212646969
https://github.com/apache/commons-lang,314b6b56bec4af56dba667d66a25c1613f4bc800,https://travis-ci.org/apache/commons-lang/jobs/224267189,8cafd87c83f4197f7e8d14de8cba453c844266c0,https://travis-ci.org/apache/commons-lang/jobs/224269232
https://github.com/apache/commons-lang,314b6b56bec4af56dba667d66a25c1613f4bc800,https://travis-ci.org/apache/commons-lang/jobs/224267190,8cafd87c83f4197f7e8d14de8cba453c844266c0,https://travis-ci.org/apache/commons-lang/jobs/224269233
https://github.com/apache/commons-lang,314b6b56bec4af56dba667d66a25c1613f4bc800,https://travis-ci.org/apache/commons-lang/jobs/224267191,8cafd87c83f4197f7e8d14de8cba453c844266c0,https://travis-ci.org/apache/commons-lang/jobs/224269234
https://github.com/apache/commons-lang,3ce7f9eecfacbf3de716a8338ad4929371a66ca2,https://travis-ci.org/apache/commons-lang/jobs/210284572,4282efae5f4ab456cef3acac5574f13f4f450b9e,https://travis-ci.org/apache/commons-lang/jobs/210286930
https://github.com/apache/commons-lang,585b1cb97b4b9e81b55d68e04b6c1e1195058a8f,https://travis-ci.org/apache/commons-lang/jobs/232282022,5a87fa172eb1368fe413af34511d1eb3f2674a9f,https://travis-ci.org/apache/commons-lang/jobs/233253253
https://github.com/apache/commons-lang,585b1cb97b4b9e81b55d68e04b6c1e1195058a8f,https://travis-ci.org/apache/commons-lang/jobs/232282023,5a87fa172eb1368fe413af34511d1eb3f2674a9f,https://travis-ci.org/apache/commons-lang/jobs/233253254
https://github.com/apache/commons-lang,585b1cb97b4b9e81b55d68e04b6c1e1195058a8f,https://travis-ci.org/apache/commons-lang/jobs/232282024,5a87fa172eb1368fe413af34511d1eb3f2674a9f,https://travis-ci.org/apache/commons-lang/jobs/233253255
https://github.com/apache/commons-lang,7587431987258e94748d5f2fda1e6ca049a21600,https://travis-ci.org/apache/commons-lang/jobs/234158903,53def501409cd1f9e20ac43edba6f2949bb366c8,https://travis-ci.org/apache/commons-lang/jobs/234161298
https://github.com/apache/commons-lang,7587431987258e94748d5f2fda1e6ca049a21600,https://travis-ci.org/apache/commons-lang/jobs/234158904,53def501409cd1f9e20ac43edba6f2949bb366c8,https://travis-ci.org/apache/commons-lang/jobs/234161299
https://github.com/apache/commons-lang,7587431987258e94748d5f2fda1e6ca049a21600,https://travis-ci.org/apache/commons-lang/jobs/234158905,53def501409cd1f9e20ac43edba6f2949bb366c8,https://travis-ci.org/apache/commons-lang/jobs/234161300
https://github.com/apache/commons-lang,b7cc7a1c7ba803e37218e53825c8aa1534071796,https://travis-ci.org/apache/commons-lang/jobs/226894244,d61090ab64dcf411d7f1db0b6a9890af74238580,https://travis-ci.org/apache/commons-lang/jobs/226932970
https://github.com/apache/commons-lang,b7cc7a1c7ba803e37218e53825c8aa1534071796,https://travis-ci.org/apache/commons-lang/jobs/226894245,d61090ab64dcf411d7f1db0b6a9890af74238580,https://travis-ci.org/apache/commons-lang/jobs/226932971
https://github.com/apache/commons-lang,b7cc7a1c7ba803e37218e53825c8aa1534071796,https://travis-ci.org/apache/commons-lang/jobs/226894246,d61090ab64dcf411d7f1db0b6a9890af74238580,https://travis-ci.org/apache/commons-lang/jobs/226932972
https://github.com/apache/commons-lang,f2d8493ac44995170ff84bb895e3a73e0127cc68,https://travis-ci.org/apache/commons-lang/jobs/258598747,daeed97201c060563c9509e7d63b23094cb31664,https://travis-ci.org/apache/commons-lang/jobs/258630043
https://github.com/apache/commons-lang,f2d8493ac44995170ff84bb895e3a73e0127cc68,https://travis-ci.org/apache/commons-lang/jobs/258598748,daeed97201c060563c9509e7d63b23094cb31664,https://travis-ci.org/apache/commons-lang/jobs/258630044
https://github.com/bwhmather/verktyg,71dc420c22fadbae064c46b426e093bec7b86f32,https://travis-ci.org/bwhmather/verktyg/jobs/109227526,2c50fdf92f285a98badbdfa2d72ccc27f34d4b11,https://travis-ci.org/bwhmather/verktyg/jobs/109231519
https://github.com/bwhmather/verktyg,71dc420c22fadbae064c46b426e093bec7b86f32,https://travis-ci.org/bwhmather/verktyg/jobs/109227527,2c50fdf92f285a98badbdfa2d72ccc27f34d4b11,https://travis-ci.org/bwhmather/verktyg/jobs/109231520
https://github.com/bwhmather/verktyg,adccf05be2f749ebb6c130a62a1c24d12f32cb96,https://travis-ci.org/bwhmather/verktyg/jobs/109000052,8e8464530493f6c0bad70cdc2243378f17e08c61,https://travis-ci.org/bwhmather/verktyg/jobs/109000296
https://github.com/bwhmather/verktyg,cb96c71104637b44bb303c5389d07606d92c535f,https://travis-ci.org/bwhmather/verktyg/jobs/110727129,f5b404477b7765674cecbc26a733d479a6b43e25,https://travis-ci.org/bwhmather/verktyg/jobs/110732516
https://github.com/bwhmather/verktyg,cb96c71104637b44bb303c5389d07606d92c535f,https://travis-ci.org/bwhmather/verktyg/jobs/110727131,f5b404477b7765674cecbc26a733d479a6b43e25,https://travis-ci.org/bwhmather/verktyg/jobs/110732517
https://github.com/bwhmather/verktyg,d257173553985279fee5f4768fb3d36c81ab2562,https://travis-ci.org/bwhmather/verktyg/jobs/110761266,7e7b7939745cc2639e3998079965fb4f8069a612,https://travis-ci.org/bwhmather/verktyg/jobs/110761412
https://github.com/bwhmather/verktyg,d257173553985279fee5f4768fb3d36c81ab2562,https://travis-ci.org/bwhmather/verktyg/jobs/110761269,7e7b7939745cc2639e3998079965fb4f8069a612,https://travis-ci.org/bwhmather/verktyg/jobs/110761414
https://github.com/byteweaver/django-coupons,4776a4e472e3a14cf475e95f0e146fc3f79b50eb,https://travis-ci.org/byteweaver/django-coupons/jobs/89457803,8368e76e93962d1e790da9249a829da2046088f5,https://travis-ci.org/byteweaver/django-coupons/jobs/89458204
https://github.com/byteweaver/django-coupons,4776a4e472e3a14cf475e95f0e146fc3f79b50eb,https://travis-ci.org/byteweaver/django-coupons/jobs/89457805,8368e76e93962d1e790da9249a829da2046088f5,https://travis-ci.org/byteweaver/django-coupons/jobs/89458207
https://github.com/byteweaver/django-coupons,4776a4e472e3a14cf475e95f0e146fc3f79b50eb,https://travis-ci.org/byteweaver/django-coupons/jobs/89457806,8368e76e93962d1e790da9249a829da2046088f5,https://travis-ci.org/byteweaver/django-coupons/jobs/89458208
https://github.com/byteweaver/django-coupons,4776a4e472e3a14cf475e95f0e146fc3f79b50eb,https://travis-ci.org/byteweaver/django-coupons/jobs/89457807,8368e76e93962d1e790da9249a829da2046088f5,https://travis-ci.org/byteweaver/django-coupons/jobs/89458209
https://github.com/Cal-CS-61A-Staff/ok,1aedbbaaa92d76b47f54d475ed9f42759dd370ca,https://travis-ci.org/Cal-CS-61A-Staff/ok/jobs/106953136,80fca8de8e8dbd07c59688a98bd4d8fa89c022a4,https://travis-ci.org/Cal-CS-61A-Staff/ok/jobs/108723091
https://github.com/Cal-CS-61A-Staff/ok,507c58217e5703f89c01b66ca58387ea7194b57e,https://travis-ci.org/Cal-CS-61A-Staff/ok/jobs/103013399,372ca9fa827bc128aaefe5f1522ba1c0451477e0,https://travis-ci.org/Cal-CS-61A-Staff/ok/jobs/103089548
https://github.com/Cal-CS-61A-Staff/ok,507c58217e5703f89c01b66ca58387ea7194b57e,https://travis-ci.org/Cal-CS-61A-Staff/ok/jobs/103013400,372ca9fa827bc128aaefe5f1522ba1c0451477e0,https://travis-ci.org/Cal-CS-61A-Staff/ok/jobs/103089549
https://github.com/Cal-CS-61A-Staff/ok,507c58217e5703f89c01b66ca58387ea7194b57e,https://travis-ci.org/Cal-CS-61A-Staff/ok/jobs/103013401,372ca9fa827bc128aaefe5f1522ba1c0451477e0,https://travis-ci.org/Cal-CS-61A-Staff/ok/jobs/103089550
https://github.com/Cal-CS-61A-Staff/ok,755da18dc47c5241a021ec980608752cead7f04b,https://travis-ci.org/Cal-CS-61A-Staff/ok/jobs/103520926,5350b865db49c795a062758ead9df3b3869bf968,https://travis-ci.org/Cal-CS-61A-Staff/ok/jobs/103521727
https://github.com/Cal-CS-61A-Staff/ok,755da18dc47c5241a021ec980608752cead7f04b,https://travis-ci.org/Cal-CS-61A-Staff/ok/jobs/103520929,5350b865db49c795a062758ead9df3b3869bf968,https://travis-ci.org/Cal-CS-61A-Staff/ok/jobs/103521728
https://github.com/Cal-CS-61A-Staff/ok,7cc84486a5d871bd01e65eaea4bbe15619e5b2d7,https://travis-ci.org/Cal-CS-61A-Staff/ok/jobs/106101673,d880d41fbd9b7807d21fee016e5e0984c969e5da,https://travis-ci.org/Cal-CS-61A-Staff/ok/jobs/106102384
https://github.com/Cal-CS-61A-Staff/ok,7cc84486a5d871bd01e65eaea4bbe15619e5b2d7,https://travis-ci.org/Cal-CS-61A-Staff/ok/jobs/106101674,d880d41fbd9b7807d21fee016e5e0984c969e5da,https://travis-ci.org/Cal-CS-61A-Staff/ok/jobs/106102385
https://github.com/Cal-CS-61A-Staff/ok,84e1d7ced9fe117d74dae66a06c03b5309ced585,https://travis-ci.org/Cal-CS-61A-Staff/ok/jobs/104556502,d9a93c53a5aaab9f2ca9ce7d879efb94ed92615e,https://travis-ci.org/Cal-CS-61A-Staff/ok/jobs/104557012
https://github.com/Cal-CS-61A-Staff/ok,84e1d7ced9fe117d74dae66a06c03b5309ced585,https://travis-ci.org/Cal-CS-61A-Staff/ok/jobs/104556503,d9a93c53a5aaab9f2ca9ce7d879efb94ed92615e,https://travis-ci.org/Cal-CS-61A-Staff/ok/jobs/104557013
https://github.com/Cal-CS-61A-Staff/ok,84e1d7ced9fe117d74dae66a06c03b5309ced585,https://travis-ci.org/Cal-CS-61A-Staff/ok/jobs/104556504,d9a93c53a5aaab9f2ca9ce7d879efb94ed92615e,https://travis-ci.org/Cal-CS-61A-Staff/ok/jobs/104557014
https://github.com/Cal-CS-61A-Staff/ok,84e1d7ced9fe117d74dae66a06c03b5309ced585,https://travis-ci.org/Cal-CS-61A-Staff/ok/jobs/104556506,d9a93c53a5aaab9f2ca9ce7d879efb94ed92615e,https://travis-ci.org/Cal-CS-61A-Staff/ok/jobs/104557016
https://github.com/Cal-CS-61A-Staff/ok,84e1d7ced9fe117d74dae66a06c03b5309ced585,https://travis-ci.org/Cal-CS-61A-Staff/ok/jobs/104556507,d9a93c53a5aaab9f2ca9ce7d879efb94ed92615e,https://travis-ci.org/Cal-CS-61A-Staff/ok/jobs/104557017
https://github.com/Cal-CS-61A-Staff/ok,84e1d7ced9fe117d74dae66a06c03b5309ced585,https://travis-ci.org/Cal-CS-61A-Staff/ok/jobs/104556508,d9a93c53a5aaab9f2ca9ce7d879efb94ed92615e,https://travis-ci.org/Cal-CS-61A-Staff/ok/jobs/104557018
https://github.com/Cal-CS-61A-Staff/ok,8bd65645451bf6c586f8370344f6390f6032c683,https://travis-ci.org/Cal-CS-61A-Staff/ok/jobs/103741374,cd558232f6147f2d20c51c7287db088d88824fbb,https://travis-ci.org/Cal-CS-61A-Staff/ok/jobs/104385943
https://github.com/Cal-CS-61A-Staff/ok,ab90f428892ead18fdcea8488b09317b3192447a,https://travis-ci.org/Cal-CS-61A-Staff/ok/jobs/104382444,739d34add7171258d6df74d5d0c40972bf5de237,https://travis-ci.org/Cal-CS-61A-Staff/ok/jobs/104395254
https://github.com/Cal-CS-61A-Staff/ok,ab90f428892ead18fdcea8488b09317b3192447a,https://travis-ci.org/Cal-CS-61A-Staff/ok/jobs/104382445,739d34add7171258d6df74d5d0c40972bf5de237,https://travis-ci.org/Cal-CS-61A-Staff/ok/jobs/104395255
https://github.com/Cal-CS-61A-Staff/ok,ab90f428892ead18fdcea8488b09317b3192447a,https://travis-ci.org/Cal-CS-61A-Staff/ok/jobs/104382446,739d34add7171258d6df74d5d0c40972bf5de237,https://travis-ci.org/Cal-CS-61A-Staff/ok/jobs/104395256
https://github.com/Cal-CS-61A-Staff/ok,ab90f428892ead18fdcea8488b09317b3192447a,https://travis-ci.org/Cal-CS-61A-Staff/ok/jobs/104382450,739d34add7171258d6df74d5d0c40972bf5de237,https://travis-ci.org/Cal-CS-61A-Staff/ok/jobs/104395258
https://github.com/Cal-CS-61A-Staff/ok,ab90f428892ead18fdcea8488b09317b3192447a,https://travis-ci.org/Cal-CS-61A-Staff/ok/jobs/104382451,739d34add7171258d6df74d5d0c40972bf5de237,https://travis-ci.org/Cal-CS-61A-Staff/ok/jobs/104395259
https://github.com/Cal-CS-61A-Staff/ok,ab90f428892ead18fdcea8488b09317b3192447a,https://travis-ci.org/Cal-CS-61A-Staff/ok/jobs/104382452,739d34add7171258d6df74d5d0c40972bf5de237,https://travis-ci.org/Cal-CS-61A-Staff/ok/jobs/104395260
https://github.com/Cal-CS-61A-Staff/ok,b9f229f662ef25483215131cd260dfe05cab81e2,https://travis-ci.org/Cal-CS-61A-Staff/ok/jobs/105352004,345c186a0cb0185e919a5894472fde91761282c1,https://travis-ci.org/Cal-CS-61A-Staff/ok/jobs/105352433
https://github.com/Cal-CS-61A-Staff/ok,b9f229f662ef25483215131cd260dfe05cab81e2,https://travis-ci.org/Cal-CS-61A-Staff/ok/jobs/105352005,345c186a0cb0185e919a5894472fde91761282c1,https://travis-ci.org/Cal-CS-61A-Staff/ok/jobs/105352434
https://github.com/Cal-CS-61A-Staff/ok,b9f229f662ef25483215131cd260dfe05cab81e2,https://travis-ci.org/Cal-CS-61A-Staff/ok/jobs/105352006,345c186a0cb0185e919a5894472fde91761282c1,https://travis-ci.org/Cal-CS-61A-Staff/ok/jobs/105352435
https://github.com/Cal-CS-61A-Staff/ok,e8153ac3bf017c0750962ce25601370d67335dc3,https://travis-ci.org/Cal-CS-61A-Staff/ok/jobs/105352651,20cbe9d08aca672dfdfc7f0eedad00ebb3d3a87f,https://travis-ci.org/Cal-CS-61A-Staff/ok/jobs/105358297
https://github.com/Cal-CS-61A-Staff/ok,e8153ac3bf017c0750962ce25601370d67335dc3,https://travis-ci.org/Cal-CS-61A-Staff/ok/jobs/105352652,20cbe9d08aca672dfdfc7f0eedad00ebb3d3a87f,https://travis-ci.org/Cal-CS-61A-Staff/ok/jobs/105358298
https://github.com/Cal-CS-61A-Staff/ok,e8153ac3bf017c0750962ce25601370d67335dc3,https://travis-ci.org/Cal-CS-61A-Staff/ok/jobs/105352653,20cbe9d08aca672dfdfc7f0eedad00ebb3d3a87f,https://travis-ci.org/Cal-CS-61A-Staff/ok/jobs/105358299
https://github.com/Cal-CS-61A-Staff/ok,e8153ac3bf017c0750962ce25601370d67335dc3,https://travis-ci.org/Cal-CS-61A-Staff/ok/jobs/105352655,20cbe9d08aca672dfdfc7f0eedad00ebb3d3a87f,https://travis-ci.org/Cal-CS-61A-Staff/ok/jobs/105358304
https://github.com/Cal-CS-61A-Staff/ok,e8153ac3bf017c0750962ce25601370d67335dc3,https://travis-ci.org/Cal-CS-61A-Staff/ok/jobs/105352656,20cbe9d08aca672dfdfc7f0eedad00ebb3d3a87f,https://travis-ci.org/Cal-CS-61A-Staff/ok/jobs/105358305
https://github.com/Cal-CS-61A-Staff/ok,e8153ac3bf017c0750962ce25601370d67335dc3,https://travis-ci.org/Cal-CS-61A-Staff/ok/jobs/105352657,20cbe9d08aca672dfdfc7f0eedad00ebb3d3a87f,https://travis-ci.org/Cal-CS-61A-Staff/ok/jobs/105358306
https://github.com/cbeust/testng,20d161692fc7a7e9b8d32995844707f2b637c6db,https://travis-ci.org/cbeust/testng/jobs/88551597,91dbce09e10822b2a74a8497ef067834c0d5a450,https://travis-ci.org/cbeust/testng/jobs/88566236
https://github.com/cbeust/testng,20d161692fc7a7e9b8d32995844707f2b637c6db,https://travis-ci.org/cbeust/testng/jobs/88551598,91dbce09e10822b2a74a8497ef067834c0d5a450,https://travis-ci.org/cbeust/testng/jobs/88566237
https://github.com/cbeust/testng,20d161692fc7a7e9b8d32995844707f2b637c6db,https://travis-ci.org/cbeust/testng/jobs/88551599,91dbce09e10822b2a74a8497ef067834c0d5a450,https://travis-ci.org/cbeust/testng/jobs/88566238
https://github.com/cbeust/testng,3749eb2262c5c4d12163ad0badf9e1924ff1e715,https://travis-ci.org/cbeust/testng/jobs/68605615,088b3ff9d18e5ace6845021175586eaf2d74b976,https://travis-ci.org/cbeust/testng/jobs/68980662
https://github.com/cbeust/testng,3749eb2262c5c4d12163ad0badf9e1924ff1e715,https://travis-ci.org/cbeust/testng/jobs/68605616,088b3ff9d18e5ace6845021175586eaf2d74b976,https://travis-ci.org/cbeust/testng/jobs/68980663
https://github.com/cbeust/testng,3749eb2262c5c4d12163ad0badf9e1924ff1e715,https://travis-ci.org/cbeust/testng/jobs/68605617,088b3ff9d18e5ace6845021175586eaf2d74b976,https://travis-ci.org/cbeust/testng/jobs/68980664
https://github.com/cbeust/testng,56b57ca492080f76d0d3377bb05fa04608f319f7,https://travis-ci.org/cbeust/testng/jobs/144826559,c15a490ec4c9dea4661baa063559ef4fd22f2cd5,https://travis-ci.org/cbeust/testng/jobs/144840386
https://github.com/cbeust/testng,56b57ca492080f76d0d3377bb05fa04608f319f7,https://travis-ci.org/cbeust/testng/jobs/144826560,c15a490ec4c9dea4661baa063559ef4fd22f2cd5,https://travis-ci.org/cbeust/testng/jobs/144840388
https://github.com/cbeust/testng,56b57ca492080f76d0d3377bb05fa04608f319f7,https://travis-ci.org/cbeust/testng/jobs/144826563,c15a490ec4c9dea4661baa063559ef4fd22f2cd5,https://travis-ci.org/cbeust/testng/jobs/144840391
https://github.com/cbeust/testng,cd97c53cc236bc6aecbf8da4c57329ed54d6cca5,https://travis-ci.org/cbeust/testng/jobs/60922128,33658e092e2ea113f39cf5e585d81142651d8dd9,https://travis-ci.org/cbeust/testng/jobs/61090592
https://github.com/cbeust/testng,cd97c53cc236bc6aecbf8da4c57329ed54d6cca5,https://travis-ci.org/cbeust/testng/jobs/60922129,33658e092e2ea113f39cf5e585d81142651d8dd9,https://travis-ci.org/cbeust/testng/jobs/61090593
https://github.com/cbeust/testng,d31a1e62af0479a751fd21803f72912ea114cc6d,https://travis-ci.org/cbeust/testng/jobs/61702915,2296d9bf204009fda8f7ff155eb07fc6aadaf132,https://travis-ci.org/cbeust/testng/jobs/61706640
https://github.com/cbeust/testng,d31a1e62af0479a751fd21803f72912ea114cc6d,https://travis-ci.org/cbeust/testng/jobs/61702916,2296d9bf204009fda8f7ff155eb07fc6aadaf132,https://travis-ci.org/cbeust/testng/jobs/61706641
https://github.com/cbeust/testng,d31a1e62af0479a751fd21803f72912ea114cc6d,https://travis-ci.org/cbeust/testng/jobs/61702917,2296d9bf204009fda8f7ff155eb07fc6aadaf132,https://travis-ci.org/cbeust/testng/jobs/61706642
https://github.com/checkstyle/checkstyle,2445ee76d2915dbcdad305dbded68f740e9434a2,https://travis-ci.org/checkstyle/checkstyle/jobs/111533193,7f9378d8731ed6a2c2bd696b2e03ff229f95da71,https://travis-ci.org/checkstyle/checkstyle/jobs/111539823
https://github.com/checkstyle/checkstyle,2445ee76d2915dbcdad305dbded68f740e9434a2,https://travis-ci.org/checkstyle/checkstyle/jobs/111533242,7f9378d8731ed6a2c2bd696b2e03ff229f95da71,https://travis-ci.org/checkstyle/checkstyle/jobs/111539848
https://github.com/checkstyle/checkstyle,2445ee76d2915dbcdad305dbded68f740e9434a2,https://travis-ci.org/checkstyle/checkstyle/jobs/111533243,7f9378d8731ed6a2c2bd696b2e03ff229f95da71,https://travis-ci.org/checkstyle/checkstyle/jobs/111539849
https://github.com/checkstyle/checkstyle,4a7d16a600e67f26b2188e222f9616c298f8ed31,https://travis-ci.org/checkstyle/checkstyle/jobs/112405776,519c99902fd56123383e21f007ab69c55b16fd2e,https://travis-ci.org/checkstyle/checkstyle/jobs/112413939
https://github.com/checkstyle/checkstyle,4a7d16a600e67f26b2188e222f9616c298f8ed31,https://travis-ci.org/checkstyle/checkstyle/jobs/112405801,519c99902fd56123383e21f007ab69c55b16fd2e,https://travis-ci.org/checkstyle/checkstyle/jobs/112413964
https://github.com/checkstyle/checkstyle,4a7d16a600e67f26b2188e222f9616c298f8ed31,https://travis-ci.org/checkstyle/checkstyle/jobs/112405802,519c99902fd56123383e21f007ab69c55b16fd2e,https://travis-ci.org/checkstyle/checkstyle/jobs/112413965
https://github.com/checkstyle/checkstyle,4e5be63031a9eb9ccfd62399f554f54e72df9337,https://travis-ci.org/checkstyle/checkstyle/jobs/104953191,620f59331ebeca9e2536aedd286481902c83ed4c,https://travis-ci.org/checkstyle/checkstyle/jobs/104995098
https://github.com/checkstyle/checkstyle,4e5be63031a9eb9ccfd62399f554f54e72df9337,https://travis-ci.org/checkstyle/checkstyle/jobs/104953207,620f59331ebeca9e2536aedd286481902c83ed4c,https://travis-ci.org/checkstyle/checkstyle/jobs/104995116
https://github.com/checkstyle/checkstyle,4e5be63031a9eb9ccfd62399f554f54e72df9337,https://travis-ci.org/checkstyle/checkstyle/jobs/104953208,620f59331ebeca9e2536aedd286481902c83ed4c,https://travis-ci.org/checkstyle/checkstyle/jobs/104995118
https://github.com/checkstyle/checkstyle,4e5be63031a9eb9ccfd62399f554f54e72df9337,https://travis-ci.org/checkstyle/checkstyle/jobs/104953209,620f59331ebeca9e2536aedd286481902c83ed4c,https://travis-ci.org/checkstyle/checkstyle/jobs/104995119
https://github.com/checkstyle/checkstyle,53f5766628184d4fc6bf7d5be39c8a526bc2a13f,https://travis-ci.org/checkstyle/checkstyle/jobs/129475961,1bd277e9ac133f79ddb8645b59bdce89300a90d7,https://travis-ci.org/checkstyle/checkstyle/jobs/129814452
https://github.com/checkstyle/checkstyle,53f5766628184d4fc6bf7d5be39c8a526bc2a13f,https://travis-ci.org/checkstyle/checkstyle/jobs/129475980,1bd277e9ac133f79ddb8645b59bdce89300a90d7,https://travis-ci.org/checkstyle/checkstyle/jobs/129814473
https://github.com/checkstyle/checkstyle,53f5766628184d4fc6bf7d5be39c8a526bc2a13f,https://travis-ci.org/checkstyle/checkstyle/jobs/129475981,1bd277e9ac133f79ddb8645b59bdce89300a90d7,https://travis-ci.org/checkstyle/checkstyle/jobs/129814474
https://github.com/checkstyle/checkstyle,53f5766628184d4fc6bf7d5be39c8a526bc2a13f,https://travis-ci.org/checkstyle/checkstyle/jobs/129475982,1bd277e9ac133f79ddb8645b59bdce89300a90d7,https://travis-ci.org/checkstyle/checkstyle/jobs/129814475
https://github.com/checkstyle/checkstyle,53f5766628184d4fc6bf7d5be39c8a526bc2a13f,https://travis-ci.org/checkstyle/checkstyle/jobs/129475984,1bd277e9ac133f79ddb8645b59bdce89300a90d7,https://travis-ci.org/checkstyle/checkstyle/jobs/129814476
https://github.com/checkstyle/checkstyle,53f5766628184d4fc6bf7d5be39c8a526bc2a13f,https://travis-ci.org/checkstyle/checkstyle/jobs/129475986,1bd277e9ac133f79ddb8645b59bdce89300a90d7,https://travis-ci.org/checkstyle/checkstyle/jobs/129814477
https://github.com/checkstyle/checkstyle,53f5766628184d4fc6bf7d5be39c8a526bc2a13f,https://travis-ci.org/checkstyle/checkstyle/jobs/129475989,1bd277e9ac133f79ddb8645b59bdce89300a90d7,https://travis-ci.org/checkstyle/checkstyle/jobs/129814478
https://github.com/checkstyle/checkstyle,53f5766628184d4fc6bf7d5be39c8a526bc2a13f,https://travis-ci.org/checkstyle/checkstyle/jobs/129475991,1bd277e9ac133f79ddb8645b59bdce89300a90d7,https://travis-ci.org/checkstyle/checkstyle/jobs/129814479
https://github.com/checkstyle/checkstyle,53f5766628184d4fc6bf7d5be39c8a526bc2a13f,https://travis-ci.org/checkstyle/checkstyle/jobs/129475993,1bd277e9ac133f79ddb8645b59bdce89300a90d7,https://travis-ci.org/checkstyle/checkstyle/jobs/129814481
https://github.com/checkstyle/checkstyle,53f5766628184d4fc6bf7d5be39c8a526bc2a13f,https://travis-ci.org/checkstyle/checkstyle/jobs/129475994,1bd277e9ac133f79ddb8645b59bdce89300a90d7,https://travis-ci.org/checkstyle/checkstyle/jobs/129814482
https://github.com/checkstyle/checkstyle,58f3c6996f38d0d74828689fbab3311244f8afc5,https://travis-ci.org/checkstyle/checkstyle/jobs/126959290,759b932a487f75289c414b2be0f323a944ec995b,https://travis-ci.org/checkstyle/checkstyle/jobs/126959510
https://github.com/checkstyle/checkstyle,58f3c6996f38d0d74828689fbab3311244f8afc5,https://travis-ci.org/checkstyle/checkstyle/jobs/126959291,759b932a487f75289c414b2be0f323a944ec995b,https://travis-ci.org/checkstyle/checkstyle/jobs/126959511
https://github.com/checkstyle/checkstyle,6370bd4a8ad7f2affeece4bcfcfa0dcd9b13a01d,https://travis-ci.org/checkstyle/checkstyle/jobs/75699015,a15aacf77a4fd9c678ac7f28b90d9eaadd244af8,https://travis-ci.org/checkstyle/checkstyle/jobs/75722415
https://github.com/checkstyle/checkstyle,6370bd4a8ad7f2affeece4bcfcfa0dcd9b13a01d,https://travis-ci.org/checkstyle/checkstyle/jobs/75699031,a15aacf77a4fd9c678ac7f28b90d9eaadd244af8,https://travis-ci.org/checkstyle/checkstyle/jobs/75722431
https://github.com/checkstyle/checkstyle,6370bd4a8ad7f2affeece4bcfcfa0dcd9b13a01d,https://travis-ci.org/checkstyle/checkstyle/jobs/75699032,a15aacf77a4fd9c678ac7f28b90d9eaadd244af8,https://travis-ci.org/checkstyle/checkstyle/jobs/75722432
https://github.com/checkstyle/checkstyle,6af35e977a71189e186dbf0ccf54960f78a432f1,https://travis-ci.org/checkstyle/checkstyle/jobs/88380905,c43ee5caffc44b88d65de6a0e7a887829b42de86,https://travis-ci.org/checkstyle/checkstyle/jobs/88486357
https://github.com/checkstyle/checkstyle,6af35e977a71189e186dbf0ccf54960f78a432f1,https://travis-ci.org/checkstyle/checkstyle/jobs/88380922,c43ee5caffc44b88d65de6a0e7a887829b42de86,https://travis-ci.org/checkstyle/checkstyle/jobs/88486374
https://github.com/checkstyle/checkstyle,6af35e977a71189e186dbf0ccf54960f78a432f1,https://travis-ci.org/checkstyle/checkstyle/jobs/88380923,c43ee5caffc44b88d65de6a0e7a887829b42de86,https://travis-ci.org/checkstyle/checkstyle/jobs/88486375
https://github.com/checkstyle/checkstyle,6af35e977a71189e186dbf0ccf54960f78a432f1,https://travis-ci.org/checkstyle/checkstyle/jobs/88380924,c43ee5caffc44b88d65de6a0e7a887829b42de86,https://travis-ci.org/checkstyle/checkstyle/jobs/88486376
https://github.com/checkstyle/checkstyle,7f6e28c04b5798d4536ccbfcce2ea7f9fb0c5966,https://travis-ci.org/checkstyle/checkstyle/jobs/115406399,33436ab26730c6a5769163d526a7b03abd335230,https://travis-ci.org/checkstyle/checkstyle/jobs/115445737
https://github.com/checkstyle/checkstyle,7f6e28c04b5798d4536ccbfcce2ea7f9fb0c5966,https://travis-ci.org/checkstyle/checkstyle/jobs/115406437,33436ab26730c6a5769163d526a7b03abd335230,https://travis-ci.org/checkstyle/checkstyle/jobs/115445766
https://github.com/checkstyle/checkstyle,7f6e28c04b5798d4536ccbfcce2ea7f9fb0c5966,https://travis-ci.org/checkstyle/checkstyle/jobs/115406438,33436ab26730c6a5769163d526a7b03abd335230,https://travis-ci.org/checkstyle/checkstyle/jobs/115445767
https://github.com/checkstyle/checkstyle,93e9f8d97c08ad0b29a8d0e8379b311930448e08,https://travis-ci.org/checkstyle/checkstyle/jobs/127801292,bfd8c21ecd180b5c53758a03bd1ae1184696ff38,https://travis-ci.org/checkstyle/checkstyle/jobs/128570019
https://github.com/checkstyle/checkstyle,93e9f8d97c08ad0b29a8d0e8379b311930448e08,https://travis-ci.org/checkstyle/checkstyle/jobs/127801293,bfd8c21ecd180b5c53758a03bd1ae1184696ff38,https://travis-ci.org/checkstyle/checkstyle/jobs/128570020
https://github.com/checkstyle/checkstyle,93e9f8d97c08ad0b29a8d0e8379b311930448e08,https://travis-ci.org/checkstyle/checkstyle/jobs/127801313,bfd8c21ecd180b5c53758a03bd1ae1184696ff38,https://travis-ci.org/checkstyle/checkstyle/jobs/128570038
https://github.com/checkstyle/checkstyle,93e9f8d97c08ad0b29a8d0e8379b311930448e08,https://travis-ci.org/checkstyle/checkstyle/jobs/127801314,bfd8c21ecd180b5c53758a03bd1ae1184696ff38,https://travis-ci.org/checkstyle/checkstyle/jobs/128570039
https://github.com/checkstyle/checkstyle,93e9f8d97c08ad0b29a8d0e8379b311930448e08,https://travis-ci.org/checkstyle/checkstyle/jobs/127801315,bfd8c21ecd180b5c53758a03bd1ae1184696ff38,https://travis-ci.org/checkstyle/checkstyle/jobs/128570040
https://github.com/checkstyle/checkstyle,93e9f8d97c08ad0b29a8d0e8379b311930448e08,https://travis-ci.org/checkstyle/checkstyle/jobs/127801316,bfd8c21ecd180b5c53758a03bd1ae1184696ff38,https://travis-ci.org/checkstyle/checkstyle/jobs/128570041
https://github.com/checkstyle/checkstyle,93e9f8d97c08ad0b29a8d0e8379b311930448e08,https://travis-ci.org/checkstyle/checkstyle/jobs/127801317,bfd8c21ecd180b5c53758a03bd1ae1184696ff38,https://travis-ci.org/checkstyle/checkstyle/jobs/128570042
https://github.com/checkstyle/checkstyle,93e9f8d97c08ad0b29a8d0e8379b311930448e08,https://travis-ci.org/checkstyle/checkstyle/jobs/127801319,bfd8c21ecd180b5c53758a03bd1ae1184696ff38,https://travis-ci.org/checkstyle/checkstyle/jobs/128570043
https://github.com/checkstyle/checkstyle,93e9f8d97c08ad0b29a8d0e8379b311930448e08,https://travis-ci.org/checkstyle/checkstyle/jobs/127801320,bfd8c21ecd180b5c53758a03bd1ae1184696ff38,https://travis-ci.org/checkstyle/checkstyle/jobs/128570044
https://github.com/checkstyle/checkstyle,93e9f8d97c08ad0b29a8d0e8379b311930448e08,https://travis-ci.org/checkstyle/checkstyle/jobs/127801321,bfd8c21ecd180b5c53758a03bd1ae1184696ff38,https://travis-ci.org/checkstyle/checkstyle/jobs/128570045
https://github.com/checkstyle/checkstyle,93e9f8d97c08ad0b29a8d0e8379b311930448e08,https://travis-ci.org/checkstyle/checkstyle/jobs/127801322,bfd8c21ecd180b5c53758a03bd1ae1184696ff38,https://travis-ci.org/checkstyle/checkstyle/jobs/128570046
https://github.com/checkstyle/checkstyle,93e9f8d97c08ad0b29a8d0e8379b311930448e08,https://travis-ci.org/checkstyle/checkstyle/jobs/127801323,bfd8c21ecd180b5c53758a03bd1ae1184696ff38,https://travis-ci.org/checkstyle/checkstyle/jobs/128570047
https://github.com/checkstyle/checkstyle,98fde9c9cd830fd38f210e6569fd15d902f2ece3,https://travis-ci.org/checkstyle/checkstyle/jobs/124049471,6a77df3462dc28741e08b63a89e4e2b9765b9cdc,https://travis-ci.org/checkstyle/checkstyle/jobs/127430891
https://github.com/checkstyle/checkstyle,b5e465f20de70aa5e14f59e0c61acd1b3b9d0599,https://travis-ci.org/checkstyle/checkstyle/jobs/102599923,33d7273fe4c744263dd9203d7aae4cac3f4d473f,https://travis-ci.org/checkstyle/checkstyle/jobs/103204790
https://github.com/checkstyle/checkstyle,c1256fa51f4131a7fa253c955721f552f3755bf5,https://travis-ci.org/checkstyle/checkstyle/jobs/75715016,91b1a50bb00187929ab226a8e6acce0757ad5e70,https://travis-ci.org/checkstyle/checkstyle/jobs/75818483
https://github.com/checkstyle/checkstyle,c1256fa51f4131a7fa253c955721f552f3755bf5,https://travis-ci.org/checkstyle/checkstyle/jobs/75715032,91b1a50bb00187929ab226a8e6acce0757ad5e70,https://travis-ci.org/checkstyle/checkstyle/jobs/75818501
https://github.com/checkstyle/checkstyle,c1256fa51f4131a7fa253c955721f552f3755bf5,https://travis-ci.org/checkstyle/checkstyle/jobs/75715033,91b1a50bb00187929ab226a8e6acce0757ad5e70,https://travis-ci.org/checkstyle/checkstyle/jobs/75818502
https://github.com/checkstyle/checkstyle,c4984c31720f883501dbe2a827d7f901e3971e9a,https://travis-ci.org/checkstyle/checkstyle/jobs/105401065,6eb3e9e860c7559ae030ce6f40d1d12beb95e035,https://travis-ci.org/checkstyle/checkstyle/jobs/105448781
https://github.com/checkstyle/checkstyle,c4984c31720f883501dbe2a827d7f901e3971e9a,https://travis-ci.org/checkstyle/checkstyle/jobs/105401083,6eb3e9e860c7559ae030ce6f40d1d12beb95e035,https://travis-ci.org/checkstyle/checkstyle/jobs/105448799
https://github.com/checkstyle/checkstyle,c4984c31720f883501dbe2a827d7f901e3971e9a,https://travis-ci.org/checkstyle/checkstyle/jobs/105401084,6eb3e9e860c7559ae030ce6f40d1d12beb95e035,https://travis-ci.org/checkstyle/checkstyle/jobs/105448800
https://github.com/checkstyle/checkstyle,d3bafb185b09d28c75ee3d160abe710a43b00d5f,https://travis-ci.org/checkstyle/checkstyle/jobs/124354324,585738d956083eb27fb57a6e3f43c9c05ef43d70,https://travis-ci.org/checkstyle/checkstyle/jobs/125004051
https://github.com/checkstyle/checkstyle,d3bafb185b09d28c75ee3d160abe710a43b00d5f,https://travis-ci.org/checkstyle/checkstyle/jobs/124354344,585738d956083eb27fb57a6e3f43c9c05ef43d70,https://travis-ci.org/checkstyle/checkstyle/jobs/125004070
https://github.com/checkstyle/checkstyle,d3bafb185b09d28c75ee3d160abe710a43b00d5f,https://travis-ci.org/checkstyle/checkstyle/jobs/124354345,585738d956083eb27fb57a6e3f43c9c05ef43d70,https://travis-ci.org/checkstyle/checkstyle/jobs/125004071
https://github.com/checkstyle/checkstyle,d3bafb185b09d28c75ee3d160abe710a43b00d5f,https://travis-ci.org/checkstyle/checkstyle/jobs/124354346,585738d956083eb27fb57a6e3f43c9c05ef43d70,https://travis-ci.org/checkstyle/checkstyle/jobs/125004072
https://github.com/checkstyle/checkstyle,d3bafb185b09d28c75ee3d160abe710a43b00d5f,https://travis-ci.org/checkstyle/checkstyle/jobs/124354349,585738d956083eb27fb57a6e3f43c9c05ef43d70,https://travis-ci.org/checkstyle/checkstyle/jobs/125004073
https://github.com/checkstyle/checkstyle,d3bafb185b09d28c75ee3d160abe710a43b00d5f,https://travis-ci.org/checkstyle/checkstyle/jobs/124354351,585738d956083eb27fb57a6e3f43c9c05ef43d70,https://travis-ci.org/checkstyle/checkstyle/jobs/125004074
https://github.com/checkstyle/checkstyle,d3bafb185b09d28c75ee3d160abe710a43b00d5f,https://travis-ci.org/checkstyle/checkstyle/jobs/124354352,585738d956083eb27fb57a6e3f43c9c05ef43d70,https://travis-ci.org/checkstyle/checkstyle/jobs/125004075
https://github.com/checkstyle/checkstyle,d3bafb185b09d28c75ee3d160abe710a43b00d5f,https://travis-ci.org/checkstyle/checkstyle/jobs/124354353,585738d956083eb27fb57a6e3f43c9c05ef43d70,https://travis-ci.org/checkstyle/checkstyle/jobs/125004076
https://github.com/checkstyle/checkstyle,d3bafb185b09d28c75ee3d160abe710a43b00d5f,https://travis-ci.org/checkstyle/checkstyle/jobs/124354354,585738d956083eb27fb57a6e3f43c9c05ef43d70,https://travis-ci.org/checkstyle/checkstyle/jobs/125004077
https://github.com/checkstyle/checkstyle,d3bafb185b09d28c75ee3d160abe710a43b00d5f,https://travis-ci.org/checkstyle/checkstyle/jobs/124354355,585738d956083eb27fb57a6e3f43c9c05ef43d70,https://travis-ci.org/checkstyle/checkstyle/jobs/125004078
https://github.com/checkstyle/checkstyle,d3bafb185b09d28c75ee3d160abe710a43b00d5f,https://travis-ci.org/checkstyle/checkstyle/jobs/124354357,585738d956083eb27fb57a6e3f43c9c05ef43d70,https://travis-ci.org/checkstyle/checkstyle/jobs/125004079
https://github.com/checkstyle/checkstyle,ddf1ce6549e79bd441a5a5c3a438bc133072a6ed,https://travis-ci.org/checkstyle/checkstyle/jobs/105882652,a5369c60d178b436379e32e146aac24f50aa87cc,https://travis-ci.org/checkstyle/checkstyle/jobs/105884881
https://github.com/checkstyle/checkstyle,ee2993730191aa1e2db5e7e7ae30c4ec936fce09,https://travis-ci.org/checkstyle/checkstyle/jobs/97732321,cd2fa21cc41cac4e38da01155b0383ed5ea5fe53,https://travis-ci.org/checkstyle/checkstyle/jobs/98014676
https://github.com/checkstyle/checkstyle,ee2993730191aa1e2db5e7e7ae30c4ec936fce09,https://travis-ci.org/checkstyle/checkstyle/jobs/97732338,cd2fa21cc41cac4e38da01155b0383ed5ea5fe53,https://travis-ci.org/checkstyle/checkstyle/jobs/98014693
https://github.com/checkstyle/checkstyle,ee2993730191aa1e2db5e7e7ae30c4ec936fce09,https://travis-ci.org/checkstyle/checkstyle/jobs/97732340,cd2fa21cc41cac4e38da01155b0383ed5ea5fe53,https://travis-ci.org/checkstyle/checkstyle/jobs/98014695
https://github.com/GoClipse/goclipse,09f8bb359583157a2ab4cc65885680739160bf6f,https://travis-ci.org/GoClipse/goclipse/jobs/123147616,6ad36e4cedb8a3f19e23f7c33c39e97c2c42dd2f,https://travis-ci.org/GoClipse/goclipse/jobs/123153718
https://github.com/GoClipse/goclipse,10ed9fc65195b4e1d0b32ba0d7727f99b8fe16a7,https://travis-ci.org/GoClipse/goclipse/jobs/81429514,b037b357f807a0ebfe45404343b001e71cc0ff4a,https://travis-ci.org/GoClipse/goclipse/jobs/81431138
https://github.com/GoClipse/goclipse,1cd6a7763f12683b4f3242cc77efd1b79b23f2b6,https://travis-ci.org/GoClipse/goclipse/jobs/74461727,176035f799790449c7ce8a9c1c80260f0f1c4479,https://travis-ci.org/GoClipse/goclipse/jobs/74464061
https://github.com/GoClipse/goclipse,3ca0ff474441288510ade60bcd2ecefdf04f78ba,https://travis-ci.org/GoClipse/goclipse/jobs/122535987,5189978cec596ca86f7247d23fb439ade9288647,https://travis-ci.org/GoClipse/goclipse/jobs/122540767
https://github.com/GoClipse/goclipse,4eea39a450d9a07781cff3a6a923cf0d06ad08d9,https://travis-ci.org/GoClipse/goclipse/jobs/92997104,21836d765607c06fea7dbee83caf4e932aa45e5c,https://travis-ci.org/GoClipse/goclipse/jobs/93007438
https://github.com/GoClipse/goclipse,55e69a58a8ae0268ba1630743f7e6a9778ea6d95,https://travis-ci.org/GoClipse/goclipse/jobs/104089966,8d38732ce322b7cf69fead1879bcb0fb8a56ae69,https://travis-ci.org/GoClipse/goclipse/jobs/104184276
https://github.com/GoClipse/goclipse,7c6dc7a12e0dedde5a934106ddbb282ebaf8d0cd,https://travis-ci.org/GoClipse/goclipse/jobs/72346745,8465a83c712eaf95e965112e77b190de0065ff6a,https://travis-ci.org/GoClipse/goclipse/jobs/72349653
https://github.com/GoClipse/goclipse,d3272165138be4e581379e84f0e0c0f293eb9c47,https://travis-ci.org/GoClipse/goclipse/jobs/126655137,1b15b05debe5dfee58e616a719c319a86c206e1d,https://travis-ci.org/GoClipse/goclipse/jobs/126661332
https://github.com/GoClipse/goclipse,f737d664794570bb2a319d7bff9111f2c0ca9e0a,https://travis-ci.org/GoClipse/goclipse/jobs/105744418,1f7bf7775a8cd5e33a0507a2f41abb712ae4917f,https://travis-ci.org/GoClipse/goclipse/jobs/105748036
https://github.com/GoClipse/goclipse,fae24137004dc085ecfd4cbacc992a5431259163,https://travis-ci.org/GoClipse/goclipse/jobs/136259688,7c19db3e841bf193bd35e36718c7a3e30e57bc51,https://travis-ci.org/GoClipse/goclipse/jobs/136434027
https://github.com/google/auto,6af0249728030d1530917f89f41dd8982814320d,https://travis-ci.org/google/auto/jobs/211506705,6a4ffdc1d69084b1b64ddecf5d7d5d76f9939e6f,https://travis-ci.org/google/auto/jobs/213992214
https://github.com/google/auto,6af0249728030d1530917f89f41dd8982814320d,https://travis-ci.org/google/auto/jobs/211506706,6a4ffdc1d69084b1b64ddecf5d7d5d76f9939e6f,https://travis-ci.org/google/auto/jobs/213992215
https://github.com/google/auto,cf189798a8971404e4786b74bae2efcafc5f68c9,https://travis-ci.org/google/auto/jobs/266975428,9cd5bb38099300e03ce77ad93dc0a7d0866a8ff0,https://travis-ci.org/google/auto/jobs/267753726
https://github.com/HubTurbo/HubTurbo,083ce6be5baa432d43bf94e51c414e75c07c2cbd,https://travis-ci.org/HubTurbo/HubTurbo/jobs/64373562,14a3c6b34d401e65df4cf46201e6ee6ae53b6192,https://travis-ci.org/HubTurbo/HubTurbo/jobs/64374481
https://github.com/HubTurbo/HubTurbo,083ce6be5baa432d43bf94e51c414e75c07c2cbd,https://travis-ci.org/HubTurbo/HubTurbo/jobs/64373567,14a3c6b34d401e65df4cf46201e6ee6ae53b6192,https://travis-ci.org/HubTurbo/HubTurbo/jobs/64374491
https://github.com/HubTurbo/HubTurbo,4230c47e3b4c83155cab99a0bc791a63c7f32b3e,https://travis-ci.org/HubTurbo/HubTurbo/jobs/65034791,65546d5522bc5977aeedbf797a3c4254615a6ae9,https://travis-ci.org/HubTurbo/HubTurbo/jobs/65035734
https://github.com/HubTurbo/HubTurbo,596b67a407bfcf2277691b892babcaba13927ce9,https://travis-ci.org/HubTurbo/HubTurbo/jobs/64037267,6b585feb515bdf0f47eb6a52257460cfda7126aa,https://travis-ci.org/HubTurbo/HubTurbo/jobs/64067557
https://github.com/HubTurbo/HubTurbo,7c653df23a57bca2e6e7095577a4ce032e09022d,https://travis-ci.org/HubTurbo/HubTurbo/jobs/65206685,ce7e41467c37f4a1f4493f02495ba75693ded05c,https://travis-ci.org/HubTurbo/HubTurbo/jobs/65207579
https://github.com/HubTurbo/HubTurbo,ec88d7cc62217d4bd56caed0f6cee6200569dd95,https://travis-ci.org/HubTurbo/HubTurbo/jobs/65351355,f62652a8e7087ae749fdcec115b315053b46e9b2,https://travis-ci.org/HubTurbo/HubTurbo/jobs/65351736
https://github.com/puniverse/quasar,0762868b630c1abbccc30d4ab54c4477a7bc9784,https://travis-ci.org/puniverse/quasar/jobs/66456400,863900754e4e41904f6102cb9d5ab4d509afd4ac,https://travis-ci.org/puniverse/quasar/jobs/66491206
https://github.com/puniverse/quasar,0762868b630c1abbccc30d4ab54c4477a7bc9784,https://travis-ci.org/puniverse/quasar/jobs/66456401,863900754e4e41904f6102cb9d5ab4d509afd4ac,https://travis-ci.org/puniverse/quasar/jobs/66491207
https://github.com/puniverse/quasar,16edc6f5079f3bcbe9e63d306ed6a055fa2c7811,https://travis-ci.org/puniverse/quasar/jobs/66226567,693fee055907b11e94ed1867ff378a62b445b28b,https://travis-ci.org/puniverse/quasar/jobs/66228658
https://github.com/puniverse/quasar,16edc6f5079f3bcbe9e63d306ed6a055fa2c7811,https://travis-ci.org/puniverse/quasar/jobs/66226568,693fee055907b11e94ed1867ff378a62b445b28b,https://travis-ci.org/puniverse/quasar/jobs/66228659
https://github.com/puniverse/quasar,269d73a67a572a4ef0656847ee908a05b055a0f1,https://travis-ci.org/puniverse/quasar/jobs/111273215,0057c2869fd1c602bd2febd634850f3ab206e164,https://travis-ci.org/puniverse/quasar/jobs/111281987
https://github.com/puniverse/quasar,4f3516d03bdf842e48e436869b67e8a1633ae55d,https://travis-ci.org/puniverse/quasar/jobs/103790936,a64bede1ca10a6f875a3d83d2f3ce25cdc06faeb,https://travis-ci.org/puniverse/quasar/jobs/103791227
https://github.com/puniverse/quasar,53c00c1694d16b38d4efa6764ce99e163a023401,https://travis-ci.org/puniverse/quasar/jobs/67967396,602e6c9524ab5c1bfeed46a026644fb687430059,https://travis-ci.org/puniverse/quasar/jobs/67980613
https://github.com/puniverse/quasar,6eee173ded5864767a44fabcb3fa03205421ab85,https://travis-ci.org/puniverse/quasar/jobs/130412590,16c92779fd371b301f060414bbeea8a452afb448,https://travis-ci.org/puniverse/quasar/jobs/130414118
https://github.com/puniverse/quasar,6eee173ded5864767a44fabcb3fa03205421ab85,https://travis-ci.org/puniverse/quasar/jobs/130412591,16c92779fd371b301f060414bbeea8a452afb448,https://travis-ci.org/puniverse/quasar/jobs/130414119
https://github.com/python/mypy,1afd2a78176656f6ec469a518a34fd9c74bf0f3f,https://travis-ci.org/python/mypy/jobs/241040954,4b84658e1f64e843d7dbda596cc6f960ebd32c94,https://travis-ci.org/python/mypy/jobs/241248547
https://github.com/python/mypy,1afd2a78176656f6ec469a518a34fd9c74bf0f3f,https://travis-ci.org/python/mypy/jobs/241040955,4b84658e1f64e843d7dbda596cc6f960ebd32c94,https://travis-ci.org/python/mypy/jobs/241248548
https://github.com/python/mypy,1afd2a78176656f6ec469a518a34fd9c74bf0f3f,https://travis-ci.org/python/mypy/jobs/241040956,4b84658e1f64e843d7dbda596cc6f960ebd32c94,https://travis-ci.org/python/mypy/jobs/241248549
https://github.com/python/mypy,637471e7c703be89ebdfb69ab935dadf1117313f,https://travis-ci.org/python/mypy/jobs/240600218,548cb1e0e9ef89eb0ead579cde96aa97b1831534,https://travis-ci.org/python/mypy/jobs/240600608
https://github.com/python/mypy,637471e7c703be89ebdfb69ab935dadf1117313f,https://travis-ci.org/python/mypy/jobs/240600219,548cb1e0e9ef89eb0ead579cde96aa97b1831534,https://travis-ci.org/python/mypy/jobs/240600609
https://github.com/python/mypy,637471e7c703be89ebdfb69ab935dadf1117313f,https://travis-ci.org/python/mypy/jobs/240600220,548cb1e0e9ef89eb0ead579cde96aa97b1831534,https://travis-ci.org/python/mypy/jobs/240600610
https://github.com/python/mypy,6fcc3d5e9137e51a9dbc09b08bdccfc95665b37d,https://travis-ci.org/python/mypy/jobs/212565075,be30faa7f9c230c966a5f9555b3713086f935bcf,https://travis-ci.org/python/mypy/jobs/212593534
https://github.com/python/mypy,6fcc3d5e9137e51a9dbc09b08bdccfc95665b37d,https://travis-ci.org/python/mypy/jobs/212565077,be30faa7f9c230c966a5f9555b3713086f935bcf,https://travis-ci.org/python/mypy/jobs/212593535
https://github.com/python/mypy,6fcc3d5e9137e51a9dbc09b08bdccfc95665b37d,https://travis-ci.org/python/mypy/jobs/212565079,be30faa7f9c230c966a5f9555b3713086f935bcf,https://travis-ci.org/python/mypy/jobs/212593536
https://github.com/python/mypy,8b456b211c466e7cf2da4c6ce7aea11499687434,https://travis-ci.org/python/mypy/jobs/215603386,4950484827f21ce97610361ff70e0db1dfa71f98,https://travis-ci.org/python/mypy/jobs/215975507
https://github.com/python/mypy,8b456b211c466e7cf2da4c6ce7aea11499687434,https://travis-ci.org/python/mypy/jobs/215603387,4950484827f21ce97610361ff70e0db1dfa71f98,https://travis-ci.org/python/mypy/jobs/215975510
https://github.com/python/mypy,8b456b211c466e7cf2da4c6ce7aea11499687434,https://travis-ci.org/python/mypy/jobs/215603388,4950484827f21ce97610361ff70e0db1dfa71f98,https://travis-ci.org/python/mypy/jobs/215975513
https://github.com/python/mypy,95db7ecb87d31a172000a0e8840fb074ead58e71,https://travis-ci.org/python/mypy/jobs/201564648,afb8a41cb5508d67ec092c3ffd47b5990b3dae62,https://travis-ci.org/python/mypy/jobs/205090356
https://github.com/python/mypy,95db7ecb87d31a172000a0e8840fb074ead58e71,https://travis-ci.org/python/mypy/jobs/201564649,afb8a41cb5508d67ec092c3ffd47b5990b3dae62,https://travis-ci.org/python/mypy/jobs/205090357
https://github.com/python/mypy,95db7ecb87d31a172000a0e8840fb074ead58e71,https://travis-ci.org/python/mypy/jobs/201564650,afb8a41cb5508d67ec092c3ffd47b5990b3dae62,https://travis-ci.org/python/mypy/jobs/205090358
https://github.com/python/mypy,9f73487d65f12a3e30db3713a32b5d3831eb1218,https://travis-ci.org/python/mypy/jobs/212584668,5c4479027918b70dc2962779b74b126a219f60e2,https://travis-ci.org/python/mypy/jobs/212590358
https://github.com/python/mypy,9f73487d65f12a3e30db3713a32b5d3831eb1218,https://travis-ci.org/python/mypy/jobs/212584669,5c4479027918b70dc2962779b74b126a219f60e2,https://travis-ci.org/python/mypy/jobs/212590359
https://github.com/python/mypy,9f73487d65f12a3e30db3713a32b5d3831eb1218,https://travis-ci.org/python/mypy/jobs/212584670,5c4479027918b70dc2962779b74b126a219f60e2,https://travis-ci.org/python/mypy/jobs/212590360
https://github.com/python/mypy,9f73487d65f12a3e30db3713a32b5d3831eb1218,https://travis-ci.org/python/mypy/jobs/212584674,5c4479027918b70dc2962779b74b126a219f60e2,https://travis-ci.org/python/mypy/jobs/212590364
https://github.com/python/mypy,9f73487d65f12a3e30db3713a32b5d3831eb1218,https://travis-ci.org/python/mypy/jobs/212584675,5c4479027918b70dc2962779b74b126a219f60e2,https://travis-ci.org/python/mypy/jobs/212590365
https://github.com/python/mypy,9f73487d65f12a3e30db3713a32b5d3831eb1218,https://travis-ci.org/python/mypy/jobs/212584676,5c4479027918b70dc2962779b74b126a219f60e2,https://travis-ci.org/python/mypy/jobs/212590366
https://github.com/python/mypy,ad0ba2a12818426bd77b34fe61dc53847b0f619b,https://travis-ci.org/python/mypy/jobs/215744121,9476383b0161be49c16eecb9e1b5ad9b22eb6c74,https://travis-ci.org/python/mypy/jobs/215754235
https://github.com/python/mypy,ad0ba2a12818426bd77b34fe61dc53847b0f619b,https://travis-ci.org/python/mypy/jobs/215744122,9476383b0161be49c16eecb9e1b5ad9b22eb6c74,https://travis-ci.org/python/mypy/jobs/215754236
https://github.com/python/mypy,ad0ba2a12818426bd77b34fe61dc53847b0f619b,https://travis-ci.org/python/mypy/jobs/215744123,9476383b0161be49c16eecb9e1b5ad9b22eb6c74,https://travis-ci.org/python/mypy/jobs/215754237
https://github.com/python/mypy,e4e3b7a596b108da6a8f4b50751fae63221654ae,https://travis-ci.org/python/mypy/jobs/238256690,4a3824073c0918279fac8ff361de7f1aec6d4ce5,https://travis-ci.org/python/mypy/jobs/238568655
https://github.com/python/mypy,e4e3b7a596b108da6a8f4b50751fae63221654ae,https://travis-ci.org/python/mypy/jobs/238256691,4a3824073c0918279fac8ff361de7f1aec6d4ce5,https://travis-ci.org/python/mypy/jobs/238568656
https://github.com/python/mypy,e4e3b7a596b108da6a8f4b50751fae63221654ae,https://travis-ci.org/python/mypy/jobs/238256692,4a3824073c0918279fac8ff361de7f1aec6d4ce5,https://travis-ci.org/python/mypy/jobs/238568657
https://github.com/python/mypy,eaf988a0b83c77842d3b4ca2e222b449bfa700ce,https://travis-ci.org/python/mypy/jobs/247501661,b8a8dabe1bde08aac52bd50b4a9f5510b7dd14ab,https://travis-ci.org/python/mypy/jobs/247501740
https://github.com/python/mypy,eaf988a0b83c77842d3b4ca2e222b449bfa700ce,https://travis-ci.org/python/mypy/jobs/247501663,b8a8dabe1bde08aac52bd50b4a9f5510b7dd14ab,https://travis-ci.org/python/mypy/jobs/247501744
https://github.com/python/mypy,f4aebadb52f0f4fbc6980914ed328ee24bde7ffd,https://travis-ci.org/python/mypy/jobs/218217215,69990cebe69357223b78f29c58e128d23e6811ee,https://travis-ci.org/python/mypy/jobs/218280850
https://github.com/python/mypy,f4aebadb52f0f4fbc6980914ed328ee24bde7ffd,https://travis-ci.org/python/mypy/jobs/218217216,69990cebe69357223b78f29c58e128d23e6811ee,https://travis-ci.org/python/mypy/jobs/218280851
https://github.com/python/mypy,f4aebadb52f0f4fbc6980914ed328ee24bde7ffd,https://travis-ci.org/python/mypy/jobs/218217217,69990cebe69357223b78f29c58e128d23e6811ee,https://travis-ci.org/python/mypy/jobs/218280852
https://github.com/python/mypy,f4aebadb52f0f4fbc6980914ed328ee24bde7ffd,https://travis-ci.org/python/mypy/jobs/218217231,69990cebe69357223b78f29c58e128d23e6811ee,https://travis-ci.org/python/mypy/jobs/218280858
https://github.com/python/mypy,f4aebadb52f0f4fbc6980914ed328ee24bde7ffd,https://travis-ci.org/python/mypy/jobs/218217232,69990cebe69357223b78f29c58e128d23e6811ee,https://travis-ci.org/python/mypy/jobs/218280859
https://github.com/python/mypy,f4aebadb52f0f4fbc6980914ed328ee24bde7ffd,https://travis-ci.org/python/mypy/jobs/218217233,69990cebe69357223b78f29c58e128d23e6811ee,https://travis-ci.org/python/mypy/jobs/218280860
https://github.com/raphw/byte-buddy,020544689d3c6fc9a4af8c6088239d1734cd12ba,https://travis-ci.org/raphw/byte-buddy/jobs/199726250,c9b07824236c83961f37d1eaf545a57e2729c130,https://travis-ci.org/raphw/byte-buddy/jobs/199727261
https://github.com/raphw/byte-buddy,020544689d3c6fc9a4af8c6088239d1734cd12ba,https://travis-ci.org/raphw/byte-buddy/jobs/199726251,c9b07824236c83961f37d1eaf545a57e2729c130,https://travis-ci.org/raphw/byte-buddy/jobs/199727264
https://github.com/raphw/byte-buddy,020544689d3c6fc9a4af8c6088239d1734cd12ba,https://travis-ci.org/raphw/byte-buddy/jobs/199726253,c9b07824236c83961f37d1eaf545a57e2729c130,https://travis-ci.org/raphw/byte-buddy/jobs/199727268
https://github.com/raphw/byte-buddy,020544689d3c6fc9a4af8c6088239d1734cd12ba,https://travis-ci.org/raphw/byte-buddy/jobs/199726254,c9b07824236c83961f37d1eaf545a57e2729c130,https://travis-ci.org/raphw/byte-buddy/jobs/199727270
https://github.com/raphw/byte-buddy,45bdba6f330f04aec55ecf72163df4affc7e91fd,https://travis-ci.org/raphw/byte-buddy/jobs/92963187,87efb8b467105ef35c87b12761af18e8da193a4a,https://travis-ci.org/raphw/byte-buddy/jobs/92973767
https://github.com/raphw/byte-buddy,45bdba6f330f04aec55ecf72163df4affc7e91fd,https://travis-ci.org/raphw/byte-buddy/jobs/92963188,87efb8b467105ef35c87b12761af18e8da193a4a,https://travis-ci.org/raphw/byte-buddy/jobs/92973768
https://github.com/raphw/byte-buddy,59caf763ae3784ce5fea191d75104de2b9433093,https://travis-ci.org/raphw/byte-buddy/jobs/193729609,54237707779eaee9811d749084ecee75b36bcf0f,https://travis-ci.org/raphw/byte-buddy/jobs/193732970
https://github.com/raphw/byte-buddy,5a2cc59b4bc18b778047c0b3775953155491cecc,https://travis-ci.org/raphw/byte-buddy/jobs/95795966,61eb2bc5248803e2f1efa24cf5589a41ba435a14,https://travis-ci.org/raphw/byte-buddy/jobs/95797602
https://github.com/raphw/byte-buddy,5a2cc59b4bc18b778047c0b3775953155491cecc,https://travis-ci.org/raphw/byte-buddy/jobs/95795967,61eb2bc5248803e2f1efa24cf5589a41ba435a14,https://travis-ci.org/raphw/byte-buddy/jobs/95797603
https://github.com/raphw/byte-buddy,5a2cc59b4bc18b778047c0b3775953155491cecc,https://travis-ci.org/raphw/byte-buddy/jobs/95795968,61eb2bc5248803e2f1efa24cf5589a41ba435a14,https://travis-ci.org/raphw/byte-buddy/jobs/95797604
https://github.com/raphw/byte-buddy,6c0f13fca731b3dc2b7346843e82bde8f2dc7907,https://travis-ci.org/raphw/byte-buddy/jobs/84942015,82c18a6fb4d38bb259a6da50e8b21bb919a48445,https://travis-ci.org/raphw/byte-buddy/jobs/84946901
https://github.com/raphw/byte-buddy,6c0f13fca731b3dc2b7346843e82bde8f2dc7907,https://travis-ci.org/raphw/byte-buddy/jobs/84942016,82c18a6fb4d38bb259a6da50e8b21bb919a48445,https://travis-ci.org/raphw/byte-buddy/jobs/84946902
https://github.com/raphw/byte-buddy,6c0f13fca731b3dc2b7346843e82bde8f2dc7907,https://travis-ci.org/raphw/byte-buddy/jobs/84942017,82c18a6fb4d38bb259a6da50e8b21bb919a48445,https://travis-ci.org/raphw/byte-buddy/jobs/84946903
https://github.com/raphw/byte-buddy,89cf897b57ad7338280436973e811e77c3c46bfa,https://travis-ci.org/raphw/byte-buddy/jobs/86933569,8dd23cddaed72b27cefc0361ce4b8b79d4d8cd3a,https://travis-ci.org/raphw/byte-buddy/jobs/86934498
https://github.com/raphw/byte-buddy,89cf897b57ad7338280436973e811e77c3c46bfa,https://travis-ci.org/raphw/byte-buddy/jobs/86933570,8dd23cddaed72b27cefc0361ce4b8b79d4d8cd3a,https://travis-ci.org/raphw/byte-buddy/jobs/86934499
https://github.com/raphw/byte-buddy,89cf897b57ad7338280436973e811e77c3c46bfa,https://travis-ci.org/raphw/byte-buddy/jobs/86933571,8dd23cddaed72b27cefc0361ce4b8b79d4d8cd3a,https://travis-ci.org/raphw/byte-buddy/jobs/86934500
https://github.com/raphw/byte-buddy,98b7a43be064284894051223b8a0714620c70990,https://travis-ci.org/raphw/byte-buddy/jobs/97429778,4cd8bf4b106954f0dde93d8dabd62bd8eba541ab,https://travis-ci.org/raphw/byte-buddy/jobs/97434328
https://github.com/raphw/byte-buddy,98b7a43be064284894051223b8a0714620c70990,https://travis-ci.org/raphw/byte-buddy/jobs/97429779,4cd8bf4b106954f0dde93d8dabd62bd8eba541ab,https://travis-ci.org/raphw/byte-buddy/jobs/97434329
https://github.com/raphw/byte-buddy,98b7a43be064284894051223b8a0714620c70990,https://travis-ci.org/raphw/byte-buddy/jobs/97429780,4cd8bf4b106954f0dde93d8dabd62bd8eba541ab,https://travis-ci.org/raphw/byte-buddy/jobs/97434330
https://github.com/raphw/byte-buddy,d4c95ad9f995caeb94219e13882f21994830d4a5,https://travis-ci.org/raphw/byte-buddy/jobs/86925504,369aedba21473804e5bfa403ceac9a1ffa1904a9,https://travis-ci.org/raphw/byte-buddy/jobs/86927084
https://github.com/raphw/byte-buddy,d4c95ad9f995caeb94219e13882f21994830d4a5,https://travis-ci.org/raphw/byte-buddy/jobs/86925505,369aedba21473804e5bfa403ceac9a1ffa1904a9,https://travis-ci.org/raphw/byte-buddy/jobs/86927085
https://github.com/raphw/byte-buddy,e7ec728a15235fd5818ad342fdbba1d8c3d30447,https://travis-ci.org/raphw/byte-buddy/jobs/212424294,81da4a8f4ad15039b859d2af82c9849908b4152b,https://travis-ci.org/raphw/byte-buddy/jobs/212425827
https://github.com/raphw/byte-buddy,e7ec728a15235fd5818ad342fdbba1d8c3d30447,https://travis-ci.org/raphw/byte-buddy/jobs/212424295,81da4a8f4ad15039b859d2af82c9849908b4152b,https://travis-ci.org/raphw/byte-buddy/jobs/212425828
https://github.com/rinde/RinSim,936dfff4b1663569ac7b276d28c0641f76cfa636,https://travis-ci.org/rinde/RinSim/jobs/74593240,6719bc8de2c9b1eb62c35c0c13123570033405b0,https://travis-ci.org/rinde/RinSim/jobs/74594911
https://github.com/rinde/RinSim,a44f0ddd504a1018d9963d86d918753b8b4e862d,https://travis-ci.org/rinde/RinSim/jobs/52527254,1acf59c741c17253c9a57e5c1e325b37de02b6f4,https://travis-ci.org/rinde/RinSim/jobs/52551348
https://github.com/rinde/RinSim,a44f0ddd504a1018d9963d86d918753b8b4e862d,https://travis-ci.org/rinde/RinSim/jobs/52527255,1acf59c741c17253c9a57e5c1e325b37de02b6f4,https://travis-ci.org/rinde/RinSim/jobs/52551349
https://github.com/rinde/RinSim,a44f0ddd504a1018d9963d86d918753b8b4e862d,https://travis-ci.org/rinde/RinSim/jobs/52527256,1acf59c741c17253c9a57e5c1e325b37de02b6f4,https://travis-ci.org/rinde/RinSim/jobs/52551350
https://github.com/rinde/RinSim,cdac51f24c13a4c67f269ba1a6ca720be9fb93bc,https://travis-ci.org/rinde/RinSim/jobs/51820039,af0839c3085f797a10f7440445d3aa95c27fbdd3,https://travis-ci.org/rinde/RinSim/jobs/52007108
https://github.com/rinde/RinSim,cdac51f24c13a4c67f269ba1a6ca720be9fb93bc,https://travis-ci.org/rinde/RinSim/jobs/51820040,af0839c3085f797a10f7440445d3aa95c27fbdd3,https://travis-ci.org/rinde/RinSim/jobs/52007109
https://github.com/rinde/RinSim,cdac51f24c13a4c67f269ba1a6ca720be9fb93bc,https://travis-ci.org/rinde/RinSim/jobs/51820041,af0839c3085f797a10f7440445d3aa95c27fbdd3,https://travis-ci.org/rinde/RinSim/jobs/52007110
https://github.com/sannies/mp4parser,3749a17495643c16214fe43e9408907aee712f4a,https://travis-ci.org/sannies/mp4parser/jobs/133036862,47e188c31bb05fb1475de8f0ec539de63fb7a168,https://travis-ci.org/sannies/mp4parser/jobs/133037740
https://github.com/sannies/mp4parser,3855595b821c88fd1d675a605c4c070c7c6e1b31,https://travis-ci.org/sannies/mp4parser/jobs/86826291,e0c707d91d8a2a69ad893a8c41663942d56f3e75,https://travis-ci.org/sannies/mp4parser/jobs/87622701
https://github.com/sannies/mp4parser,3c57f92d78fe21d28c7a7a218e5b7cd7e27062e2,https://travis-ci.org/sannies/mp4parser/jobs/86347764,acf3a575d2af7c5087704c162803f04191c5d81f,https://travis-ci.org/sannies/mp4parser/jobs/86830050
https://github.com/sannies/mp4parser,49ef78e7403c6c390a05b83738dd975a8deb7417,https://travis-ci.org/sannies/mp4parser/jobs/79358970,16c9cec4fe778b99231be17a653da68bbe7b564e,https://travis-ci.org/sannies/mp4parser/jobs/79360022
https://github.com/sannies/mp4parser,4c17cef3fbc6797a3c7d708047ddd012b847c085,https://travis-ci.org/sannies/mp4parser/jobs/79111320,ed5b5e0427287b424f17f443681813271951532f,https://travis-ci.org/sannies/mp4parser/jobs/79117949
https://github.com/sannies/mp4parser,8a3647b6ba0c8166469530aab4fdc8e7fd917522,https://travis-ci.org/sannies/mp4parser/jobs/82433463,299346e2dcd7b3002efdf6e95e079fb3458c2e07,https://travis-ci.org/sannies/mp4parser/jobs/82433515
https://github.com/sannies/mp4parser,c773b4d00b709247f98b82bdeca1308d5061b342,https://travis-ci.org/sannies/mp4parser/jobs/107859078,baf18a31420961a26bf887094c83b8064adf34c9,https://travis-ci.org/sannies/mp4parser/jobs/109523971
https://github.com/sannies/mp4parser,d410b2997ce6b14e0236704019d7ddacff0d21e2,https://travis-ci.org/sannies/mp4parser/jobs/79828541,9919aaf687d3fac7798a6d633a65a2330fd2498c,https://travis-ci.org/sannies/mp4parser/jobs/79828597
https://github.com/sannies/mp4parser,fe0ff8b0f8631548686ba988ffb37dd89d7116f5,https://travis-ci.org/sannies/mp4parser/jobs/79336477,04fb413e7d8faa5be1e6852bc42eb0a6c655c262,https://travis-ci.org/sannies/mp4parser/jobs/79338005
https://github.com/scikit-learn/scikit-learn,0d2fccd49fd5d42f31564a54652863182b249989,https://travis-ci.org/scikit-learn/scikit-learn/jobs/161017338,6f93c9ebd6e340a4ff58d3c258bd2bd3c125eab2,https://travis-ci.org/scikit-learn/scikit-learn/jobs/161187973
https://github.com/scikit-learn/scikit-learn,12fc1adc69a678eea34b80d3c379219d5551b4e8,https://travis-ci.org/scikit-learn/scikit-learn/jobs/189738938,c9e8ca3b344fffc615c145bff6c05b71d39b1443,https://travis-ci.org/scikit-learn/scikit-learn/jobs/189790923
https://github.com/scikit-learn/scikit-learn,2a8466f8a3ac17904eb5b577e11619480ec9736e,https://travis-ci.org/scikit-learn/scikit-learn/jobs/155385638,1edd87c10cbce7b8cbe2321cefacab65ad3d1463,https://travis-ci.org/scikit-learn/scikit-learn/jobs/156033481
https://github.com/scikit-learn/scikit-learn,2c4b43c28933c136086578eb4670d129a0f46a36,https://travis-ci.org/scikit-learn/scikit-learn/jobs/158388943,62ad5fed906edd10bfb82d7a193688d1a0e30094,https://travis-ci.org/scikit-learn/scikit-learn/jobs/158396042
https://github.com/scikit-learn/scikit-learn,2d93f160390ea329cb66aba189461717bc67396b,https://travis-ci.org/scikit-learn/scikit-learn/jobs/132864954,8b205df0a082ad673b04b080fc80238f6bf51402,https://travis-ci.org/scikit-learn/scikit-learn/jobs/135367160
https://github.com/scikit-learn/scikit-learn,2e108b09d7963b61dc1a30727daaad44cf2eeed5,https://travis-ci.org/scikit-learn/scikit-learn/jobs/144588204,9062fd16eef6d9282e222e9c6ade91caa44e1132,https://travis-ci.org/scikit-learn/scikit-learn/jobs/145048030
https://github.com/scikit-learn/scikit-learn,3de7182732d58d863f0ba5d7c613bb8219ea089a,https://travis-ci.org/scikit-learn/scikit-learn/jobs/185866560,77466398f7f99f59ebdc8d24f175f12f4ef01f48,https://travis-ci.org/scikit-learn/scikit-learn/jobs/185990948
https://github.com/scikit-learn/scikit-learn,3de7182732d58d863f0ba5d7c613bb8219ea089a,https://travis-ci.org/scikit-learn/scikit-learn/jobs/185866564,77466398f7f99f59ebdc8d24f175f12f4ef01f48,https://travis-ci.org/scikit-learn/scikit-learn/jobs/185990949
https://github.com/scikit-learn/scikit-learn,4f47906877afe761e13672faaaa562b07d6c1d5f,https://travis-ci.org/scikit-learn/scikit-learn/jobs/159451530,0a4c9cf4b99f2225060ba27aa4cb942a857cd1a7,https://travis-ci.org/scikit-learn/scikit-learn/jobs/159607670
https://github.com/scikit-learn/scikit-learn,517a72e826fea8af6a51d9e187f2a3834e721d65,https://travis-ci.org/scikit-learn/scikit-learn/jobs/151053293,a08543b112383d66e250cb8bc5584d1c2037892a,https://travis-ci.org/scikit-learn/scikit-learn/jobs/151349246
https://github.com/scikit-learn/scikit-learn,567e9a8904fb585600f2dfbedf45c16f6a98d98b,https://travis-ci.org/scikit-learn/scikit-learn/jobs/123513453,42dea3bd82ac466801b2cd7e5a213f56c63b98c3,https://travis-ci.org/scikit-learn/scikit-learn/jobs/123591218
https://github.com/scikit-learn/scikit-learn,604b26fa3ffc26da9b374af2f6be6dfd4160aa79,https://travis-ci.org/scikit-learn/scikit-learn/jobs/159338571,ec5cedbdece9ca66159fe2333614e32b76d9607b,https://travis-ci.org/scikit-learn/scikit-learn/jobs/159355088
https://github.com/scikit-learn/scikit-learn,685e64912b07eed7da116ed4826aa60d23830776,https://travis-ci.org/scikit-learn/scikit-learn/jobs/131390477,1af55bbabd13255fe2ef2d710eb178b76380a375,https://travis-ci.org/scikit-learn/scikit-learn/jobs/131431202
https://github.com/scikit-learn/scikit-learn,9b1055d173a5eade239871f8521f7dc406850aec,https://travis-ci.org/scikit-learn/scikit-learn/jobs/156240676,c7429d5f43756ceed1c937d189ada9a67959552a,https://travis-ci.org/scikit-learn/scikit-learn/jobs/156445544
https://github.com/scikit-learn/scikit-learn,c837dccb3c0f1519beed88b552b7f387ce691d74,https://travis-ci.org/scikit-learn/scikit-learn/jobs/160352949,26ceec25506f633295363935ab26a5a4bb813564,https://travis-ci.org/scikit-learn/scikit-learn/jobs/160373171
https://github.com/scikit-learn/scikit-learn,c940ae7254a7c069b68cbb194ff0cb447eaec40c,https://travis-ci.org/scikit-learn/scikit-learn/jobs/171018309,f84d22ad612bbcdaa5e236814c8bb6492458ea3e,https://travis-ci.org/scikit-learn/scikit-learn/jobs/171068413
https://github.com/scikit-learn/scikit-learn,d5196212e72e86d8afc4d11f9706bd88ce8f0f02,https://travis-ci.org/scikit-learn/scikit-learn/jobs/130752945,b1c8662ae71c099d07a696b0006fd30d3d625acb,https://travis-ci.org/scikit-learn/scikit-learn/jobs/130792993
https://github.com/scikit-learn/scikit-learn,f48eb668241deeb51aa366f7edf61e16ffcb140d,https://travis-ci.org/scikit-learn/scikit-learn/jobs/158450463,2fbdd84919e4a8306131acb57967739a209d9554,https://travis-ci.org/scikit-learn/scikit-learn/jobs/159328013
https://github.com/scikit-learn/scikit-learn,fa11da9c6ccb1e963625ef1b03d6ecab6bf6172d,https://travis-ci.org/scikit-learn/scikit-learn/jobs/159856721,9d52c84a68b67e71ce25b959bc9cd9493fbb4522,https://travis-ci.org/scikit-learn/scikit-learn/jobs/159862199
https://github.com/SciTools/iris,253a71b4706966c2808360feb216d1a991ff9c96,https://travis-ci.org/SciTools/iris/jobs/213847427,31743422289914a85fdcc572f05ab8086f43fa9c,https://travis-ci.org/SciTools/iris/jobs/215550733
https://github.com/SciTools/iris,5c8bc0bf2c9b9ba17c71515a31066a7014d68991,https://travis-ci.org/SciTools/iris/jobs/216637390,4069b280fc619ce0e2ff30d0187e5fd476f39ff4,https://travis-ci.org/SciTools/iris/jobs/216659341
https://github.com/SciTools/iris,5c8bc0bf2c9b9ba17c71515a31066a7014d68991,https://travis-ci.org/SciTools/iris/jobs/216637395,4069b280fc619ce0e2ff30d0187e5fd476f39ff4,https://travis-ci.org/SciTools/iris/jobs/216659346
https://github.com/SciTools/iris,6936ce02bcf2605001bb219fb9ca84447ddf1c77,https://travis-ci.org/SciTools/iris/jobs/200462424,32717951bcc621fe8e78ed40de0ddd4e9a391409,https://travis-ci.org/SciTools/iris/jobs/206147010
https://github.com/SciTools/iris,6936ce02bcf2605001bb219fb9ca84447ddf1c77,https://travis-ci.org/SciTools/iris/jobs/200462444,32717951bcc621fe8e78ed40de0ddd4e9a391409,https://travis-ci.org/SciTools/iris/jobs/206147014
https://github.com/SciTools/iris,6936ce02bcf2605001bb219fb9ca84447ddf1c77,https://travis-ci.org/SciTools/iris/jobs/200462454,32717951bcc621fe8e78ed40de0ddd4e9a391409,https://travis-ci.org/SciTools/iris/jobs/206147015
https://github.com/SciTools/iris,6973b568558ef1ff1a7f71d8a639acf429fd3482,https://travis-ci.org/SciTools/iris/jobs/218149638,beae75d9b3aef9b4eba8c923603ee896312da7a8,https://travis-ci.org/SciTools/iris/jobs/218382890
https://github.com/SciTools/iris,6973b568558ef1ff1a7f71d8a639acf429fd3482,https://travis-ci.org/SciTools/iris/jobs/218149639,beae75d9b3aef9b4eba8c923603ee896312da7a8,https://travis-ci.org/SciTools/iris/jobs/218382891
https://github.com/SciTools/iris,6973b568558ef1ff1a7f71d8a639acf429fd3482,https://travis-ci.org/SciTools/iris/jobs/218149643,beae75d9b3aef9b4eba8c923603ee896312da7a8,https://travis-ci.org/SciTools/iris/jobs/218382895
https://github.com/SciTools/iris,6973b568558ef1ff1a7f71d8a639acf429fd3482,https://travis-ci.org/SciTools/iris/jobs/218149644,beae75d9b3aef9b4eba8c923603ee896312da7a8,https://travis-ci.org/SciTools/iris/jobs/218382896
https://github.com/SciTools/iris,f5a930dbac9f1d88345e83bec56a512139bb7297,https://travis-ci.org/SciTools/iris/jobs/190313609,c63114e7bcbf26ea8fac4473eaabee22470fca24,https://travis-ci.org/SciTools/iris/jobs/190574002
https://github.com/swagger-api/swagger-core,1f2aedc3e0b4cfe6e725f23bf68faf0f57863a28,https://travis-ci.org/swagger-api/swagger-core/jobs/231706520,ee1dc777a973fa16febf464a76ba300ebf1e2ee9,https://travis-ci.org/swagger-api/swagger-core/jobs/232256103
https://github.com/swagger-api/swagger-core,dc766c49b7326a493857b5cce6db0d7aab174e6b,https://travis-ci.org/swagger-api/swagger-core/jobs/232498510,5a73a6edac2c22b73f138c2e165e5cdc6789194b,https://travis-ci.org/swagger-api/swagger-core/jobs/233315342
https://github.com/swagger-api/swagger-core,ed49b5086b1045f79504f68bba3b1cafe25062e7,https://travis-ci.org/swagger-api/swagger-core/jobs/62644131,3a324bba7600d0df00ef0eecb55047afba260366,https://travis-ci.org/swagger-api/swagger-core/jobs/62644872
https://github.com/swagger-api/swagger-core,eebd2ef0b3ac9f21401ad50501edc1781a10146e,https://travis-ci.org/swagger-api/swagger-core/jobs/75008929,cc4e4f46f4b6899cd9e4821674188e08beb7012d,https://travis-ci.org/swagger-api/swagger-core/jobs/75014612
https://github.com/web2py/web2py,7bfa85fa10beebb3cae82516de28a7371c74b6cb,https://travis-ci.org/web2py/web2py/jobs/54526374,6ecc147d8c32448ab5e4999f20968fa122be37bd,https://travis-ci.org/web2py/web2py/jobs/54648303
https://github.com/web2py/web2py,7bfa85fa10beebb3cae82516de28a7371c74b6cb,https://travis-ci.org/web2py/web2py/jobs/54526375,6ecc147d8c32448ab5e4999f20968fa122be37bd,https://travis-ci.org/web2py/web2py/jobs/54648304
https://github.com/web2py/web2py,7bfa85fa10beebb3cae82516de28a7371c74b6cb,https://travis-ci.org/web2py/web2py/jobs/54526376,6ecc147d8c32448ab5e4999f20968fa122be37bd,https://travis-ci.org/web2py/web2py/jobs/54648305
https://github.com/web2py/web2py,b4f3784136c1db9aeab624ecd381eb2168bcb59f,https://travis-ci.org/web2py/web2py/jobs/59059946,75b8ceb0220cd22f85d0de8ab90b405cb5a8b4a1,https://travis-ci.org/web2py/web2py/jobs/59059989
https://github.com/web2py/web2py,b4f3784136c1db9aeab624ecd381eb2168bcb59f,https://travis-ci.org/web2py/web2py/jobs/59059947,75b8ceb0220cd22f85d0de8ab90b405cb5a8b4a1,https://travis-ci.org/web2py/web2py/jobs/59059990
https://github.com/Whiley/WhileyCompiler,0c23f51bd60c217a5ceba3153ad88471fca1d059,https://travis-ci.org/Whiley/WhileyCompiler/jobs/124401656,5704dc79340472b833aa83bc95e44dec0cb472bd,https://travis-ci.org/Whiley/WhileyCompiler/jobs/124430992
https://github.com/Whiley/WhileyCompiler,458c4bf5f047d4107c1b9fd94d0015cef4891a84,https://travis-ci.org/Whiley/WhileyCompiler/jobs/233645906,b489b86f3db3cc475a3b5ec028de091f72c8c7e3,https://travis-ci.org/Whiley/WhileyCompiler/jobs/233655405
https://github.com/Whiley/WhileyCompiler,651b7931d6a114c584855a526ad72b74951358de,https://travis-ci.org/Whiley/WhileyCompiler/jobs/151963290,307c39aa6d4634aae47f3d5bcb6c0e615e0bbf15,https://travis-ci.org/Whiley/WhileyCompiler/jobs/151966947
https://github.com/Whiley/WhileyCompiler,96378e97f746380f0376f911be1fbba519c5db5b,https://travis-ci.org/Whiley/WhileyCompiler/jobs/120391052,92a414c70f2b91e78580292427a94f2b500e62d0,https://travis-ci.org/Whiley/WhileyCompiler/jobs/120543598
https://github.com/Whiley/WhileyCompiler,fe918979b88a32c0a797bf5039e1673370063e9c,https://travis-ci.org/Whiley/WhileyCompiler/jobs/264241708,f359e2f91a15dd8d5042779a8fef1ddb7e247601,https://travis-ci.org/Whiley/WhileyCompiler/jobs/265797875
https://github.com/yamcs/yamcs,078176e63115d9fee9cb60beca8cd14590729dc1,https://travis-ci.org/yamcs/yamcs/jobs/222112569,5d18ea9672facf14cfb3032bc87db883790ef61d,https://travis-ci.org/yamcs/yamcs/jobs/222168011
https://github.com/yamcs/yamcs,0e40a6e9584fa26d35f46d83df7c192ba4cb26e1,https://travis-ci.org/yamcs/yamcs/jobs/107218103,5bdd085ff25799cc289a915e8aa07734bdaa6f0b,https://travis-ci.org/yamcs/yamcs/jobs/107219370
https://github.com/yamcs/yamcs,2c6051c6dab519765917597aa6cfc168287e5941,https://travis-ci.org/yamcs/yamcs/jobs/165090929,26db26e25b54420600e043e0433f8400dd24bcb4,https://travis-ci.org/yamcs/yamcs/jobs/165203946
https://github.com/yamcs/yamcs,421daa1d12aa50809526e28cca87b30023681f2f,https://travis-ci.org/yamcs/yamcs/jobs/190541095,20b9c6fc9c78096fe5465f0cc9fe12f6536798bc,https://travis-ci.org/yamcs/yamcs/jobs/190951248
https://github.com/yamcs/yamcs,515c1fdcd2bc11bd7d6dac92e8fa9ab233d26d95,https://travis-ci.org/yamcs/yamcs/jobs/110947465,9ae58bace77bf2afd26556459a9eaf5b3130b758,https://travis-ci.org/yamcs/yamcs/jobs/110952604
https://github.com/yamcs/yamcs,5626627ed88f9be59b5de5ae3dc077ea79f3a721,https://travis-ci.org/yamcs/yamcs/jobs/166980116,ce974a3d31a36932e02ffba02e6ff556a6c50c6c,https://travis-ci.org/yamcs/yamcs/jobs/166983111
https://github.com/yamcs/yamcs,57733a8193ac83768620c3e3d8594714f9bcf149,https://travis-ci.org/yamcs/yamcs/jobs/221289974,6050e423779f275ca42323c8c284f717708d268e,https://travis-ci.org/yamcs/yamcs/jobs/221294354
https://github.com/yamcs/yamcs,6103f6a73fed265469096622e3a8805f03eed945,https://travis-ci.org/yamcs/yamcs/jobs/218364663,e915e7728a323a15a9b412ff08687458e0a8e643,https://travis-ci.org/yamcs/yamcs/jobs/218366880
https://github.com/yamcs/yamcs,a368981fe7c7eb62099acbb7f89cdcb80ed38bba,https://travis-ci.org/yamcs/yamcs/jobs/186324159,69d9c14ffc0f15b74cd1db4b448eb0a303769432,https://travis-ci.org/yamcs/yamcs/jobs/186331422
https://github.com/yamcs/yamcs,b0d602270fcb7f5fe63326dcdff519bc24768eb3,https://travis-ci.org/yamcs/yamcs/jobs/111461540,845026aa6e0d3747902dbd7d1da3b6ba4ec99a09,https://travis-ci.org/yamcs/yamcs/jobs/111536132
https://github.com/yamcs/yamcs,c9c352c9da4e92d2a96ca757ed77647de809c82e,https://travis-ci.org/yamcs/yamcs/jobs/173940648,a5504853f85492c7aa759df9b17ebc0a3f3b9f71,https://travis-ci.org/yamcs/yamcs/jobs/173946041
